{
  "cv_auc": 0.7844104495244533,
  "test": {
    "accuracy": 0.7194707453265355,
    "auc": 0.8007907212604368,
    "confusion_matrix": [
      [
        5238,
        2072
      ],
      [
        239,
        689
      ]
    ],
    "f1": 0.3735429655733261,
    "precision": 0.24954726548352046,
    "recall": 0.7424568965517241
  },
  "validation": {
    "auc": 0.8020794760366056,
    "f1": 0.3757085020242915,
    "precision": 0.25063017644940583,
    "recall": 0.75
  }
}