{
  "cv_auc": 0.799864699104889,
  "test": {
    "accuracy": 0.6879239162488942,
    "auc": 0.7990966091856692,
    "confusion_matrix": [
      [
        8134,
        3843
      ],
      [
        390,
        1197
      ]
    ],
    "f1": 0.3612494341330919,
    "precision": 0.2375,
    "recall": 0.7542533081285444
  }
}