{
  "f1": 0.3757085020242915,
  "precision": 0.25063017644940583,
  "recall": 0.75,
  "threshold": 0.3897478990837321
}