{
  "f1": 0.36754682019720736,
  "precision": 0.2434043299149794,
  "recall": 0.7501350621285792,
  "threshold": 0.08334068156924374
}